{
    "HF_API_KEY": "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",
    "lbo_params": {
        "acquisition_function": "EI",
        "n_calls": 10,
        "seed": 42,
        "acq_optimizer": "sampling",
        "n_initial_points": 2,
        "searches": 2
    },
    "inference_logs": "./gasp/logs/inference-logs.out",
    "epochs": 10,
    "infer_save": "./gasp/logs/inference.csv",
    "dataset": {
        "name": "gasp-dataset",
        "data_path": "./gasp/data/harmful_suffixes.csv",
        "split": 0.8
    }
}